,id,sentence,num_flips,flip_rate
48,32.1.martin.26a.??.01,Ginny remembered to have bought the beer.,4,0.4
51,32.1.martin.26a.??.04,Bobby planned to have attended college.,10,1.0
53,32.1.martin.26a.??.06,Scott intended to have run for class president.,12,1.2
54,32.1.martin.26a.??.07,Vanessa refused to have taken out the garbage.,2,0.2
55,32.1.martin.26a.??.08,Michael managed to have driven his car.,10,1.0
57,32.1.martin.26b.??.02,Joe convinced Sue to have eaten her lunch.,2,0.2
58,32.1.martin.26b.??.03,Juan convinced Maria to have finished her shopping.,6,0.6
63,32.1.martin.26b.??.08,Mindy convinced George to have finished the novel.,4,0.4
80,32.1.martin.2c.*.01,Sarah saw pictures of.,10,1.0
81,32.1.martin.2c.*.02,Jimmy saw baskets of.,6,0.6
83,32.1.martin.2c.*.04,Frank ate mountains of.,4,0.4
85,32.1.martin.2c.*.06,Phillip saw movies of.,10,1.0
86,32.1.martin.2c.*.07,Vivian wrote stories of.,10,1.0
87,32.1.martin.2c.*.08,Tommy pictured memories of.,12,1.2
88,32.1.martin.39a.*.01,Gino believed Rebecca to win the game.,2,0.2
89,32.1.martin.39a.*.02,Anthony believed Dawn to hit the ball.,2,0.2
91,32.1.martin.39a.*.04,Marty believed Carla to fix the computer.,4,0.4
92,32.1.martin.39a.*.05,Jessica believed Brad to start the car.,2,0.2
95,32.1.martin.39a.*.08,Victor believed Dana to throw the trash.,4,0.4
106,32.1.martin.65b.*.03,Bill heard from Sarah their boss was fired.,8,0.8
121,32.1.martin.66b.*.02,It is not wise one to skip class.,6,0.6
136,32.1.martin.69b.*.01,My belief Kim is clever is sincere.,4,0.4
137,32.1.martin.69b.*.02,The thought Brian is inept is accurate.,8,0.8
144,32.1.martin.77.g.01,How likely to win the race is John?,4,0.4
145,32.1.martin.77.g.02,How likely to get the promotion is Elizabeth?,12,1.2
146,32.1.martin.77.g.03,How likely to win the election is Kristin?,2,0.2
147,32.1.martin.77.g.04,How likely to buy the car is Sam?,12,1.2
148,32.1.martin.77.g.05,How likely to sell the house is Diane?,6,0.6
149,32.1.martin.77.g.06,How likely to pass the class is Alex?,4,0.4
150,32.1.martin.77.g.07,How likely to break the record is Ellen?,4,0.4
151,32.1.martin.77.g.08,How likely to take the job is Nancy?,10,1.0
152,32.1.martin.79.*.01,How likely to be a riot is there?,8,0.8
153,32.1.martin.79.*.02,How likely to be a meeting is there?,8,0.8
154,32.1.martin.79.*.03,How likely to be a strike is there?,12,1.2
155,32.1.martin.79.*.04,How likely to be a party is there?,8,0.8
156,32.1.martin.79.*.05,How likely to be a stock market crash is there?,2,0.2
157,32.1.martin.79.*.06,How likely to be a storm is there?,14,1.4
158,32.1.martin.79.*.07,How likely to be an earthquake is there?,8,0.8
159,32.1.martin.79.*.08,How likely to be a tornado is there?,8,0.8
174,32.1.martin.93b.*.07,Dylan was planned to write the computer program.,2,0.2
175,32.1.martin.93b.*.08,Carla was hoped to graduate high school.,4,0.4
176,32.2.alexiadou.31a.*.01,Don't touch that dial! suggested abruptly the TV screen.,2,0.2
177,32.2.alexiadou.31a.*.02,Wait one moment please! asked kindly the voice recording.,10,1.0
181,32.2.alexiadou.31a.*.06,Stop bullying me! shouted fearfully the overweight child.,2,0.2
182,32.2.alexiadou.31a.*.07,Touchdown! screamed excitedly the football fan.,6,0.6
183,32.2.alexiadou.31a.*.08,Clear! exclaimed worriedly the doctor.,8,0.8
185,32.2.alexiadou.31b.g.02,Wait one moment please! asked the voice recording kindly.,6,0.6
186,32.2.alexiadou.31b.g.03,This just in! interrupted the radio announcer hastily.,2,0.2
188,32.2.alexiadou.31b.g.05,Click it or Ticket! flashed the freeway sign brightly.,6,0.6
192,32.2.boeckx.11.*.01,"Debbie ate chocolate, and Kathy milk drank.",2,0.2
194,32.2.boeckx.11.*.03,"Jack washed the dishes, and Kate the laundry folded.",2,0.2
196,32.2.boeckx.11.*.05,"Mark turned on the TV, and Penny the DVD player loaded.",2,0.2
217,32.2.nunes.3a2.g.02,The book was read.,2,0.2
243,32.2.nunes.48b.*.04,Daniel jogged the gym and Kayla walked to the restaurant.,4,0.4
269,32.2.stroik.13b.*.06,They all have studied and they have done all so effectively.,4,0.4
270,32.2.stroik.13b.*.07,They all have spoken and they have done all so eloquently.,2,0.2
271,32.2.stroik.13b.*.08,They all have listened and they have done all so intently.,10,1.0
304,32.3.Culicover.15bii.*.01,John flattered Mary while insulting herself.,8,0.8
305,32.3.Culicover.15bii.*.02,Amber called Anthony after injuring himself.,2,0.2
306,32.3.Culicover.15bii.*.03,Tim complimented Hannah after introducing herself.,6,0.6
307,32.3.Culicover.15bii.*.04,Tina aggravated Ethan while amusing himself.,6,0.6
308,32.3.Culicover.15bii.*.05,Natalie surprised Jared while boring himself.,4,0.4
309,32.3.Culicover.15bii.*.06,Dale found Brooke after frightening herself.,8,0.8
310,32.3.Culicover.15bii.*.07,Molly avoided Keith after embarrassing himself.,2,0.2
311,32.3.Culicover.15bii.*.08,Josh annoyed Paige while distracting herself.,6,0.6
316,32.3.Culicover.15bii.g.05,Natalie surprised Jared while boring herself.,6,0.6
317,32.3.Culicover.15bii.g.06,Dale found Brooke after frightening himself.,4,0.4
320,32.3.Culicover.22b.*.01,John told Sue when to wash himself.,10,1.0
321,32.3.Culicover.22b.*.02,Marcy told Jeremy when to excuse herself.,6,0.6
323,32.3.Culicover.22b.*.04,Robert told Lucy when to humiliate himself.,10,1.0
324,32.3.Culicover.22b.*.05,Stewart told Tina when to burn himself.,10,1.0
325,32.3.Culicover.22b.*.06,Brian told Rachel when to defend himself.,8,0.8
326,32.3.Culicover.22b.*.07,Patty told Mike when to insult herself.,4,0.4
327,32.3.Culicover.22b.*.08,Olivia told Gregory when to exonerate herself.,12,1.2
328,32.3.Culicover.22b.g.01,John told Sue when to wash herself.,4,0.4
330,32.3.Culicover.22b.g.03,Mindy told Chuck when to praise herself.,8,0.8
331,32.3.Culicover.22b.g.04,Robert told Lucy when to humiliate herself.,2,0.2
332,32.3.Culicover.22b.g.05,Stewart told Tina when to burn herself.,6,0.6
333,32.3.Culicover.22b.g.06,Brian told Rachel when to defend herself.,2,0.2
335,32.3.Culicover.22b.g.08,Olivia told Gregory when to exonerate himself.,2,0.2
336,32.3.Culicover.25d.*.01,Last night there was an attempt to shoot oneself.,2,0.2
341,32.3.Culicover.25d.*.06,Last Tuesday there was an agreement to replace oneself.,2,0.2
355,32.3.Culicover.28c.*.04,Emma brought video games in order for us to distract herself.,2,0.2
359,32.3.Culicover.28c.*.08,Gary interrupted the conversation in order for us to introduce himself.,2,0.2
368,32.3.Culicover.32a.*.01,John's promise to Susan to take care of herself.,6,0.6
370,32.3.Culicover.32a.*.03,Ryan's offer to Susan to take care of herself.,4,0.4
371,32.3.Culicover.32a.*.04,Natalie's guarantee to Robert to take care of himself.,10,1.0
372,32.3.Culicover.32a.*.05,Ethan's obligation to Patricia to take care of herself.,6,0.6
374,32.3.Culicover.32a.*.07,Carl's pledge to Jenny to take care of herself.,6,0.6
376,32.3.Culicover.32a.g.01,John's promise to Susan to take care of himself.,6,0.6
377,32.3.Culicover.32a.g.02,Erica's vow to Matt to take care of herself.,8,0.8
378,32.3.Culicover.32a.g.03,Ryan's offer to Susan to take care of himself.,8,0.8
379,32.3.Culicover.32a.g.04,Natalie's guarantee to Robert to take care of herself.,2,0.2
380,32.3.Culicover.32a.g.05,Ethan's obligation to Patricia to take care of himself.,6,0.6
381,32.3.Culicover.32a.g.06,Debbie's pledge to Jason to take care of herself.,6,0.6
382,32.3.Culicover.32a.g.07,Carl's pledge to Jenny to take care of himself.,2,0.2
383,32.3.Culicover.32a.g.08,Melissa's pledge to Dan to take care of herself.,4,0.4
384,32.3.Culicover.41b.*.01,Toby said to Sally to take care of himself.,8,0.8
385,32.3.Culicover.41b.*.02,Veronica shouted to Nathan to look after herself.,4,0.4
387,32.3.Culicover.41b.*.04,Stacey screamed to Anthony to cover herself.,6,0.6
388,32.3.Culicover.41b.*.05,Brent signaled to Samantha to excuse himself.,10,1.0
389,32.3.Culicover.41b.*.06,Amy said to Shane to entertain herself.,4,0.4
390,32.3.Culicover.41b.*.07,Eric shouted to Maria to believe in himself.,8,0.8
391,32.3.Culicover.41b.*.08,Tania signaled to Frank to behave herself.,4,0.4
392,32.3.Culicover.41b.g.01,Toby said to Sally to take care of herself.,4,0.4
393,32.3.Culicover.41b.g.02,Veronica shouted to Nathan to look after himself.,6,0.6
394,32.3.Culicover.41b.g.03,Christopher yelled to April to protect herself.,10,1.0
397,32.3.Culicover.41b.g.06,Amy said to Shane to entertain himself.,6,0.6
398,32.3.Culicover.41b.g.07,Eric shouted to Maria to believe in herself.,4,0.4
400,32.3.Culicover.49a.*.01,Jack asked Sally to be allowed to take care of herself.,6,0.6
402,32.3.Culicover.49a.*.03,Dean requested Michelle to be allowed to take care of herself.,10,1.0
405,32.3.Culicover.49a.*.06,Jake prayed to mother nature to be allowed to take care of herself.,2,0.2
406,32.3.Culicover.49a.*.07,Katie asked Greg to be allowed to take care of himself.,2,0.2
408,32.3.Culicover.49a.g.01,Jack asked Sally to be allowed to take care of himself.,2,0.2
409,32.3.Culicover.49a.g.02,Beth begged Peter to be allowed to take care of herself.,2,0.2
411,32.3.Culicover.49a.g.04,Eva beseeched Luke to be allowed to take care of herself.,4,0.4
412,32.3.Culicover.49a.g.05,Helen pleaded with Kyle to be allowed to take care of herself.,4,0.4
413,32.3.Culicover.49a.g.06,Jake prayed to mother nature to be allowed to take care of himself.,2,0.2
415,32.3.Culicover.49a.g.08,Leonard begged Jennifer to be allowed to take care of himself.,2,0.2
424,32.3.Culicover.7b.*.01,John tried himself to win.,4,0.4
425,32.3.Culicover.7b.*.02,Kelly attempted herself to run the marathon.,8,0.8
427,32.3.Culicover.7b.*.04,Linda remembered herself to pick-up the dry cleaning.,8,0.8
428,32.3.Culicover.7b.*.05,Peter hoped himself to find a date.,6,0.6
429,32.3.Culicover.7b.*.06,Patricia agreed herself to host the party.,2,0.2
430,32.3.Culicover.7b.*.07,Alex started himself to study Karate.,2,0.2
431,32.3.Culicover.7b.*.08,Cindy struggled herself to finish her homework.,6,0.6
432,32.3.fanselow.28b.*.01,He saw Mary and kissed.,12,1.2
433,32.3.fanselow.28b.*.02,She ran into Spencer and asked out.,8,0.8
457,32.3.fanselow.58b.*.02,There has been stolen a necklace from the jewelry store.,10,1.0
458,32.3.fanselow.58b.*.03,There has been elected a new governor in California.,8,0.8
459,32.3.fanselow.58b.*.04,There has been made an announcement in the newspaper.,2,0.2
460,32.3.fanselow.58b.*.05,There has been written another story about the new healthcare law.,8,0.8
461,32.3.fanselow.58b.*.06,There has been signed a treaty between Israel and Palestine.,4,0.4
462,32.3.fanselow.58b.*.07,There has been reached a deal between the two parties.,8,0.8
463,32.3.fanselow.58b.*.08,There has been issued a verdict about the new marriage law.,8,0.8
479,32.3.fanselow.58d.*.08,There has been considered a book obscene.,2,0.2
487,32.3.fanselow.59a.g.08,She picked Matt some flowers.,2,0.2
492,32.3.fanselow.59b.*.05,He served the wine the guests.,2,0.2
497,32.4.lopez.10a.*.02,We proved to the authorities Susan to be the thief.,2,0.2
498,32.4.lopez.10a.*.03,We believed with all our hearts Ben to be innocent.,2,0.2
499,32.4.lopez.10a.*.04,We alleged to the police Carrie to be guilty.,4,0.4
505,32.4.lopez.14b.*.02,We consider there three problems.,4,0.4
506,32.4.lopez.14b.*.03,Jack expects there flowers.,2,0.2
508,32.4.lopez.14b.*.05,Mr. Simpson considers there danger.,2,0.2
509,32.4.lopez.14b.*.06,Ms. Wiggins expected there fireworks.,4,0.4
510,32.4.lopez.14b.*.07,Mr. Telford expected there trouble.,4,0.4
511,32.4.lopez.14b.*.08,Miss Warrington expects there a party.,2,0.2
523,32.4.lopez.9a.g.04,We alleged Carrie to the police to be guilty.,2,0.2
527,32.4.lopez.9a.g.08,We alleged Ellen to the judge to be a liar.,6,0.6
530,33.1.denDikken.5a.g.03,I confirmed who would attend the party.,8,0.8
533,33.1.denDikken.5a.g.06,I proved who committed the crime.,6,0.6
535,33.1.denDikken.5a.g.08,I established who would head the committee.,2,0.2
554,33.1.denDikken.62b.*.03,"I don't believe that any doctors, I will invite to the ceremony.",2,0.2
556,33.1.denDikken.62b.*.05,"I don't believe that any students, I will take to the conference.",4,0.4
557,33.1.denDikken.62b.*.06,"I don't think that any actors, I will take to the game.",6,0.6
558,33.1.denDikken.62b.*.07,"I don't believe that any children, I will take to the concert.",6,0.6
559,33.1.denDikken.62b.*.08,"I don't think that any musicians, I will take to the office.",6,0.6
561,33.1.denDikken.58a.*.02,What at no time did he touch?,8,0.8
577,33.1.denDikken.67.g.02,Who the hell asked who out?,14,1.4
584,33.1.denDikken.71a.*.01,Who is in love with who the hell?,2,0.2
586,33.1.denDikken.71a.*.03,Who kissed who the hell?,4,0.4
587,33.1.denDikken.71a.*.04,Who screamed at who the hell?,8,0.8
588,33.1.denDikken.71a.*.05,Who called who the hell?,6,0.6
590,33.1.denDikken.71a.*.07,Who hugged who the hell?,10,1.0
591,33.1.denDikken.71a.*.08,Who insulted who the hell?,8,0.8
593,33.1.denDikken.72a.g.02,The millionaire didn't leave the hospital a red cent.,4,0.4
601,33.1.denDikken.72b.*.02,The millionaire didn't leave every hospital a red cent.,10,1.0
608,33.1.fox.49b.g.01,I visited a city yesterday near the city that John did.,4,0.4
609,33.1.fox.49b.g.02,Josie read a book last week like the book that Cindy did.,4,0.4
613,33.1.fox.49b.g.06,Joan bought a last year house next to the house that Erin did.,6,0.6
615,33.1.fox.49b.g.08,I received a gift two weeks ago like the gift that Aaron did.,8,0.8
616,33.1.fox.49c.*.01,I visited a city near the city yesterday that John did.,4,0.4
622,33.1.fox.49c.*.07,We found a dog like the dog last month that Nathan did.,2,0.2
624,33.1.fox.65b.*.01,I told you that Bill when we met will come to the party.,8,0.8
627,33.1.fox.65b.*.04,I heard that Kelly from a friend cheated on her boyfriend.,2,0.2
629,33.1.fox.65b.*.06,I wrote that Thomas in an email would administer the exam.,4,0.4
644,33.1.fox.69a.*.05,Kyle expects for everyone you do to be honest.,2,0.2
646,33.1.fox.69a.*.07,Ben is hopeful for everyone you do to attend.,8,0.8
647,33.1.fox.69a.*.08,Valerie is excited for everyone you do to graduate.,4,0.4
648,33.1.fox.69b.g.01,John wants for everyone to have fun that you do.,2,0.2
649,33.1.fox.69b.g.02,Dana hopes for everyone to succeed that you do.,6,0.6
653,33.1.fox.69b.g.06,Sophia is anxious for everyone to arrive that you are.,10,1.0
654,33.1.fox.69b.g.07,Ben is hopeful for everyone to attend that you are.,2,0.2
655,33.1.fox.69b.g.08,Valerie is excited for everyone to graduate that you are.,10,1.0
658,33.2.bowers.13a.*.03,The judge acknowledged to be an expert.,2,0.2
660,33.2.bowers.13a.*.05,The governor declared to be innocent.,2,0.2
661,33.2.bowers.13a.*.06,Katie revealed to be a liar.,2,0.2
662,33.2.bowers.13a.*.07,Mike believes to be a genius.,2,0.2
671,33.2.bowers.13a.g.08,Larry took Monica to be honest.,8,0.8
690,33.2.bowers.31b1.*.03,There are likely students to be in the library.,8,0.8
693,33.2.bowers.31b1.*.06,There seem protesters to be on the campus.,4,0.4
695,33.2.bowers.31b1.*.08,There are likely snowboarders to be on the slope.,6,0.6
701,33.2.bowers.31c2.*.06,There might ghosts appear to be in the library.,8,0.8
703,33.2.bowers.31c2.*.08,There might police officers appear to be on campus.,2,0.2
713,33.2.bowers.68b.*.02,The flowers plant seasonally to attract hummingbirds.,2,0.2
715,33.2.bowers.68b.*.04,The executive fires quickly to appease the shareholders.,4,0.4
728,33.2.bowers.69b.*.01,The bureaucrat bribes deliberately.,4,0.4
729,33.2.bowers.69b.*.02,The victim deceives intentionally.,2,0.2
730,33.2.bowers.69b.*.03,The employee fires reluctantly.,10,1.0
733,33.2.bowers.69b.*.06,The vase paints carelessly.,14,1.4
736,33.2.bowers.7b.*.01,The ball perfectly rolled down the hill.,2,0.2
737,33.2.bowers.7b.*.02,John intimately spoke to Mary.,8,0.8
739,33.2.bowers.7b.*.04,It torrentially rained.,8,0.8
740,33.2.bowers.7b.*.05,It suddenly stormed.,10,1.0
748,33.2.bowers.7b.g.05,It stormed suddenly.,10,1.0
749,33.2.bowers.7b.g.06,Sam cleaned thoroughly.,4,0.4
770,33.4.neeleman.100.*.03,Next week seems that Juan will be in town.,10,1.0
773,33.4.neeleman.100.*.06,Tonight appears that Marjorie is staying over.,8,0.8
774,33.4.neeleman.100.*.07,Last week seemed that everyone was calling in sick.,8,0.8
775,33.4.neeleman.100.*.08,Next week appears that the strikers will be back to work.,4,0.4
779,33.4.neeleman.100.g.04,It appears that Monday Juanita was running late.,4,0.4
792,33.4.neeleman.18d.*.01,Deciding who to see that new movie next makes very happy.,12,1.2
793,33.4.neeleman.18d.*.02,Picking who to read that new book next gives a lot of pleasure.,12,1.2
794,33.4.neeleman.18d.*.03,Choosing who to visit that new restaurant next gives a headache.,6,0.6
795,33.4.neeleman.18d.*.04,Selecting who to take that new class next causes stress.,2,0.2
798,33.4.neeleman.18d.*.07,Picking who to wear that new suit in the morning makes late to work.,2,0.2
804,33.4.neeleman.24d.*.05,Anyone better evacuate the building.,2,0.2
822,33.4.neeleman.35a.*.07,What did Courtney wonder what Sharon will wear on her date?,2,0.2
823,33.4.neeleman.35a.*.08,What did Ethan wonder what Jack would say about the scandal?,4,0.4
839,33.4.neeleman.97a.g.08,Which song did you download without recognizing?,12,1.2
840,33.4.neeleman.97b.*.01,Which book did you sleep before reading?,8,0.8
842,33.4.neeleman.97b.*.03,Which car did you worry after buying?,6,0.6
844,33.4.neeleman.97b.*.05,Which candidate did Nicole swim after voting for?,6,0.6
845,33.4.neeleman.97b.*.06,Which book did you resign before finishing?,12,1.2
846,33.4.neeleman.97b.*.07,Which shirt did you laugh without trying on?,4,0.4
847,33.4.neeleman.97b.*.08,Which song did you nap without recognizing?,10,1.0
850,34.1.basilico.44a.?.03,Who did she hear insult the manager?,8,0.8
851,34.1.basilico.44a.?.04,Who did we hear scream at the neighbors?,6,0.6
852,34.1.basilico.44a.?.05,Who did she see punch Alex?,4,0.4
856,34.1.basilico.44b.*.01,Who was seen steal the wallet?,8,0.8
858,34.1.basilico.44b.*.03,Who was heard insult the manager?,12,1.2
860,34.1.basilico.44b.*.05,Who was seen punch Alex?,10,1.0
861,34.1.basilico.44b.*.06,Who was seen hug Natalie?,8,0.8
862,34.1.basilico.44b.*.07,Who was seen take the cookie?,8,0.8
863,34.1.basilico.44b.*.08,Who was seen cut the wire?,8,0.8
864,34.1.basilico.62.*.01,There are linguists tall.,2,0.2
865,34.1.basilico.62.*.02,There are fishermen proud.,12,1.2
866,34.1.basilico.62.*.03,There are books thick.,10,1.0
867,34.1.basilico.62.*.04,There are leaves green.,4,0.4
868,34.1.basilico.62.*.05,There are firemen brave.,6,0.6
870,34.1.basilico.62.*.07,There are laptops heavy.,8,0.8
871,34.1.basilico.62.*.08,There are trucks large.,6,0.6
873,34.1.basilico.62.g.02,There are fisherman sick.,10,1.0
874,34.1.basilico.62.g.03,There are books accessible.,6,0.6
880,34.1.basilico.96a.??.01,The children almost all are sleeping.,6,0.6
896,34.1.fox.14.*.01,What do you worry if the lawyer forgets at the office?,8,0.8
897,34.1.fox.14.*.02,What do you laugh if the heiress buys at the auction?,2,0.2
898,34.1.fox.14.*.03,What do you worry if the boss leaves in the car?,8,0.8
899,34.1.fox.14.*.04,What do you blush if the child prodigy submits to the art contest?,2,0.2
903,34.1.fox.14.*.08,What do you complain if the office manager keeps in her office?,4,0.4
928,34.1.fox.24.*.01,"It appears that a certain senator will resign, but which senator it does is still a secret.",10,1.0
929,34.1.fox.24.*.02,"It seems that a certain official will divulge the information, but which official it does is still a mystery.",8,0.8
930,34.1.fox.24.*.03,"It seems that one of the employees will steal, but which employee it does is still not known.",6,0.6
931,34.1.fox.24.*.04,"It seems that a certain student will cheat, but which student it does is still unknown.",8,0.8
932,34.1.fox.24.*.05,"It appears that a certain player will leave the team, but which player it does is still a secret.",4,0.4
933,34.1.fox.24.*.06,"It appears that one of the contestants will win, but which contestant it does is still anybody's guess.",10,1.0
934,34.1.fox.24.*.07,"It appears that a one of the criminals will confess, but which criminal it does is still unknown.",4,0.4
935,34.1.fox.24.*.08,"It seems likely that a well-known celebrity will attend, but which celebrity it does is still a mystery.",6,0.6
951,34.1.fox.27.g.08,"Brandon said he requested one of the tutors, but I don't which tutor.",10,1.0
955,34.1.fox.28.*.04,"Benjamin said he noticed a suspicious-looking man by the school, but I don't know which man he did.",2,0.2
959,34.1.fox.28.*.08,"Brandon said he requested one of the tutors, but I don't which tutor he did.",4,0.4
968,34.1.phillips.3e.*.01,Each other like Wallace and Greg.,10,1.0
969,34.1.phillips.3e.*.02,Each other hugged Matthew and Jennifer.,10,1.0
970,34.1.phillips.3e.*.03,Each other hurt Stephanie and Christopher.,6,0.6
971,34.1.phillips.3e.*.04,Each other saw Amber and William.,4,0.4
972,34.1.phillips.3e.*.05,Each other found Eric and Amy.,6,0.6
973,34.1.phillips.3e.*.06,Each other love Kelly and Aaron.,2,0.2
974,34.1.phillips.3e.*.07,Each other hate Richard and Christine.,8,0.8
975,34.1.phillips.3e.*.08,Each other surprised Shannon and Dustin.,14,1.4
976,34.1.phillips.59b.*.01,The students were punished and their teachers by their parents.,8,0.8
977,34.1.phillips.59b.*.02,The first-time racers were defeated and the amateur racers by the professional racers.,2,0.2
978,34.1.phillips.59b.*.03,The volunteers were appreciated and the interns by the doctors.,8,0.8
980,34.1.phillips.59b.*.05,The poor were overlooked and the bankers by the politicians.,14,1.4
982,34.1.phillips.59b.*.07,The smugglers were arrested and the coastguard by the police.,12,1.2
983,34.1.phillips.59b.*.08,The employees were overworked and the executives by the managers.,2,0.2
1000,34.1.phillips.67d.*.01,I gave anything to nobody.,4,0.4
1001,34.1.phillips.67d.*.02,Our professor gave any extensions to no students.,2,0.2
1002,34.1.phillips.67d.*.03,My boss gave any opportunities to no employees.,2,0.2
1003,34.1.phillips.67d.*.04,Monica gives any money to no strangers.,4,0.4
1004,34.1.phillips.67d.*.05,The trainer gives any treats to no dogs.,8,0.8
1005,34.1.phillips.67d.*.06,My parents give any donations to no charities.,2,0.2
1006,34.1.phillips.67d.*.07,Eloise gives any presents to no friends.,4,0.4
1007,34.1.phillips.67d.*.08,The government gives any help to no poor people.,8,0.8
1008,34.1.phillips.6b.*.01,Wallace gave at breakfast time his favorite pet beagle an enormous chewy dog-biscuit.,2,0.2
1009,34.1.phillips.6b.*.02,Susan gave at lunch time her son a large tasty bologna sandwich.,8,0.8
1010,34.1.phillips.6b.*.03,Chris gave at dinner time his wife a nice big anniversary present.,2,0.2
1011,34.1.phillips.6b.*.04,Karen gave at breakfast time her friend a huge delicious plate of waffles.,2,0.2
1012,34.1.phillips.6b.*.05,Thomas gave at lunch time his employee a huge generous raise.,4,0.4
1014,34.1.phillips.6b.*.07,Sabrina gave at breakfast time her elderly mother a beautiful new coffee mug.,10,1.0
1015,34.1.phillips.6b.*.08,Mark gave at lunch time his girlfriend an expensive high tech phone.,8,0.8
1024,34.1.phillips.88b.*.01,"John promised Mary to leave, and Sue did to write more poetry.",2,0.2
1026,34.1.phillips.88b.*.03,"Scott attempted to eat more vegetables, and Erin did to run more laps.",2,0.2
1027,34.1.phillips.88b.*.04,"Allison forgot to practice her violin, and Carl did to finish his homework.",2,0.2
1028,34.1.phillips.88b.*.05,"Leon intended to exercise, and Eli did to watch a movie.",4,0.4
1029,34.1.phillips.88b.*.06,"Kelsey hoped to win the marathon, and Christian did to win the tennis tournament.",2,0.2
1030,34.1.phillips.88b.*.07,"Julian learned to drive, and Rita did to compose music.",2,0.2
1031,34.1.phillips.88b.*.08,"Natalie refused to bike to work, and Gabrielle did to drive.",2,0.2
1040,34.1.phillips.92b.g.01,Wendy stood more buckets than Peter did in the garage.,6,0.6
1044,34.1.phillips.92b.g.05,Dwayne gave more charities than Frieda did money.,2,0.2
1048,34.1.phillips.93b.?*.01,Wendy stood more buckets in the garage than Peter did in the basement.,4,0.4
1052,34.1.phillips.93b.?*.05,Dwayne gave more charities money than Frieda did food.,10,1.0
1053,34.1.phillips.93b.?*.06,The instructor put more solutions on the board than the TA did on the handout.,8,0.8
1056,34.1.phillips.96a.*.01,"John intended to give the children something nice to eat, and give the children he did a generous handful of candy.",6,0.6
1057,34.1.phillips.96a.*.02,"Becky wanted to give the students something good to write about, and give the students she did a great group of topics.",2,0.2
1058,34.1.phillips.96a.*.03,"Jason decided to give his teammates something healthy to drink, and give his teammates he did a bottle of Gatorade.",2,0.2
1059,34.1.phillips.96a.*.04,"Glen wanted to give the clients something yummy to snack on, and give the clients he did a platter of treats.",6,0.6
1061,34.1.phillips.96a.*.06,"Steve intended to give the parents something special to commemorate graduation, and give the parents he did a large plaque.",4,0.4
1062,34.1.phillips.96a.*.07,"Kylie decided to give the guests something comfortable to sleep on, and give the guests she did a large padded bed.",4,0.4
1063,34.1.phillips.96a.*.08,"Calvin intended to give the chefs something difficult to cook, and give the chefs he did a handful of challenging recipes.",12,1.2
1064,34.1.phillips.96a.g.01,"John intended to give the children something nice to eat, and give the children a generous handful of candy he did.",4,0.4
1065,34.1.phillips.96a.g.02,"Becky wanted to give the students something good to write about, and give the students a great group of topics she did.",4,0.4
1068,34.1.phillips.96a.g.05,"Kimberly wanted to give the charity something warm to wear, and give the charity a bundle of jackets she did.",10,1.0
1069,34.1.phillips.96a.g.06,"Steve intended to give the parents something special to commemorate graduation, and give the parents a large plaque he did.",2,0.2
1082,34.2.caponigro.13b.*.03,The table was being heavy.,6,0.6
1083,34.2.caponigro.13b.*.04,The movie was being scary.,12,1.2
1084,34.2.caponigro.13b.*.05,The song was being catchy.,2,0.2
1085,34.2.caponigro.13b.*.06,The floor was being slippery.,6,0.6
1086,34.2.caponigro.13b.*.07,The popcorn was being buttery.,6,0.6
1092,34.2.panagiotidis.6.*.05,We majors in biology are just as smart as you of mathematics.,8,0.8
1093,34.2.panagiotidis.6.*.06,We drinkers of tea are just as hyper as you of coffee.,12,1.2
1095,34.2.panagiotidis.6.*.08,We supporters of democrats are just as worried about the economy as you of republicans.,8,0.8
1104,34.3.heycock.16.*.01,He was judge.,2,0.2
1105,34.3.heycock.16.*.02,She was winner.,14,1.4
1109,34.3.heycock.16.*.06,I was coach.,12,1.2
1125,34.3.heycock.30c.?*.06,Teacher and student that were constantly arguing had to be move to different classes.,6,0.6
1133,34.3.heycock.30c.g.06,The teacher and student that were constantly arguing had to be move to different classes.,4,0.4
1138,34.3.heycock.37b.??.03,Pencil with the blue eraser and binder with the black cover are in the top drawer.,8,0.8
1139,34.3.heycock.37b.??.04,Dress with the purple dots and headband with the white stripes are in your dresser.,8,0.8
1141,34.3.heycock.37b.??.06,Laptop with the silver case and ipod with the pink earbuds are in your suitcase.,4,0.4
1143,34.3.heycock.37b.??.08,Hammer with the black handle and screwdriver with the square tip are in your toolbox.,6,0.6
1153,34.3.heycock.55a.*.02,Blanket is white and quilt is green.,2,0.2
1155,34.3.heycock.55a.*.04,Peanut is sweet and pretzel is salty.,8,0.8
1156,34.3.heycock.55a.*.05,Book is long and essay is short.,6,0.6
1157,34.3.heycock.55a.*.06,Sunflower is yellow and rose is red.,10,1.0
1158,34.3.heycock.55a.*.07,Table is hard and bed is soft.,2,0.2
1170,34.3.heycock.66.*.03,This is cabinet.,6,0.6
1184,34.3.heycock.82a.*.01,The dog that I saw's collar was leather.,8,0.8
1185,34.3.heycock.82a.*.02,The fork with the silver handle's tines are sharp.,4,0.4
1186,34.3.heycock.82a.*.03,The program that is sending robots to Mars's history is controversial.,10,1.0
1187,34.3.heycock.82a.*.04,The dinosaur with terrible teeth's roar was monstrous.,2,0.2
1189,34.3.heycock.82a.*.06,The bird that awakens before sunrise's noise is annoying.,10,1.0
1190,34.3.heycock.82a.*.07,The movie theater with the fantastic sound system's lobby was empty.,2,0.2
1196,34.3.heycock.82a.g.05,The food of the restaurant that does n't train its staff is dangerous.,6,0.6
1200,34.3.landau.32c.*.01,There expects to be a man in the garden.,8,0.8
1202,34.3.landau.32c.*.03,There desires to be a new deal in the works.,2,0.2
1203,34.3.landau.32c.*.04,There forgot to be a car waiting at the airport.,6,0.6
1204,34.3.landau.32c.*.05,There hoped to be a party for the new manager.,12,1.2
1206,34.3.landau.32c.*.07,There managed to be a bonus in my paycheck.,8,0.8
1207,34.3.landau.32c.*.08,There remembered to be a construction sign on the freeway.,6,0.6
1216,34.3.landau.39a.g.01,One interpreter tried to be assigned to every visiting diplomat.,2,0.2
1223,34.3.landau.39a.g.08,One athlete tried to win event.,2,0.2
1224,34.3.landau.39b.*.01,One interpreter each tried to be assigned to every visiting diplomat.,2,0.2
1225,34.3.landau.39b.*.02,One actor each attempted to be the star of every scene.,2,0.2
1226,34.3.landau.39b.*.03,One protester each managed to be heard during every speech.,6,0.6
1227,34.3.landau.39b.*.04,One child each refused to complete every assignment.,4,0.4
1228,34.3.landau.39b.*.05,One soldier each refused to obey every order.,8,0.8
1229,34.3.landau.39b.*.06,One mechanic each managed to repair every car.,6,0.6
1230,34.3.landau.39b.*.07,One dog each attempted to fetch every stick.,2,0.2
1233,34.3.takano.10b.*.02,Prof. Jones met with any students only rarely.,12,1.2
1234,34.3.takano.10b.*.03,The store sold any hardbacks only occasionally.,8,0.8
1235,34.3.takano.10b.*.04,Fritz wrote any stories only rarely.,6,0.6
1236,34.3.takano.10b.*.05,The postman delivers any letters only occasionally.,4,0.4
1237,34.3.takano.10b.*.06,The virtuoso practices any pieces only rarely.,12,1.2
1238,34.3.takano.10b.*.07,Thin people eat any snacks only occasionally.,6,0.6
1239,34.3.takano.10b.*.08,Most people clean any windows only rarely.,4,0.4
1240,34.3.takano.10b.g.01,I only occasionally bought any books.,6,0.6
1249,34.3.takano.9e.*.02,Anywhere has nobody gone.,4,0.4
1264,34.4.boskovic.3a.*.01,It seemed at that time David had left.,4,0.4
1272,34.4.boskovic.3b.*.01,What the students believe is they will pass the exam.,2,0.2
1276,34.4.boskovic.3b.*.05,What the detectives believe is they will solve the case.,2,0.2
1277,34.4.boskovic.3b.*.06,What they children believe is they will get some candy.,2,0.2
1279,34.4.boskovic.3b.*.08,What the police believe is they will catch the thief.,2,0.2
1280,34.4.boskovic.3c.*.01,They suspected and we believed Peter would visit the hospital.,4,0.4
1281,34.4.boskovic.3c.*.02,They believed and we thought Jamie would finish the assignment.,8,0.8
1282,34.4.boskovic.3c.*.03,They thought and we expected Charles would read his speech.,6,0.6
1283,34.4.boskovic.3c.*.04,They expected and we knew Courtney would ride the elephant.,10,1.0
1284,34.4.boskovic.3c.*.05,They knew and we saw Mark would skip work.,6,0.6
1285,34.4.boskovic.3c.*.06,They saw and we confirmed Andrea would present her artwork.,4,0.4
1287,34.4.boskovic.3c.*.08,They affirmed but we denied Mary would tell the truth.,10,1.0
1289,34.4.boskovic.3d.*.02,Laurie believed Eric won the gold medal and Sally Eric won the silver medal.,8,0.8
1290,34.4.boskovic.3d.*.03,Ernie believed Jackie passed the test and Louie Jackie got an A.,6,0.6
1291,34.4.boskovic.3d.*.04,Donald believed Joe finished his homework and Dewey Joe took a nap.,4,0.4
1292,34.4.boskovic.3d.*.05,Sarah believed Daniel grew a few inches and Richard Daniel gained some weight.,12,1.2
1293,34.4.boskovic.3d.*.06,Raymond believed Amy practiced her music and Danielle Amy won a competition.,10,1.0
1298,34.4.boskovic.3e.*.03,"Mike pushed the little girl, Bianca didn't believe.",2,0.2
1317,34.4.boskovic.4b.g.06,What they children believe is that they will get some candy.,2,0.2
1320,34.4.boskovic.4c.g.01,They suspected and we believed Peter would visit the hospital.,4,0.4
1321,34.4.boskovic.4c.g.02,They believed and we thought that Jamie would finish the assignment.,8,0.8
1322,34.4.boskovic.4c.g.03,They thought and we expected that Charles would read his speech.,6,0.6
1323,34.4.boskovic.4c.g.04,They expected and we knew that Courtney would ride the elephant.,8,0.8
1324,34.4.boskovic.4c.g.05,They knew and we saw that Mark would skip work.,2,0.2
1325,34.4.boskovic.4c.g.06,They saw and we confirmed that Andrea would present her artwork.,4,0.4
1326,34.4.boskovic.4c.g.07,They denied and we suspected that Sean would buy the car.,2,0.2
1327,34.4.boskovic.4c.g.08,They affirmed but we denied that Mary would tell the truth.,4,0.4
1328,34.4.boskovic.4d.g.01,Mary believed that Peter finished school and Bill that Peter got a job.,10,1.0
1331,34.4.boskovic.4d.g.04,Donald believed that Joe finished his homework and that Dewey Joe took a nap.,8,0.8
1332,34.4.boskovic.4d.g.05,Sarah believed that Daniel grew a few inches and Richard that Daniel gained some weight.,4,0.4
1333,34.4.boskovic.4d.g.06,Raymond believed that Amy practiced her music and Danielle that Amy won a competition.,8,0.8
1334,34.4.boskovic.4d.g.07,Matt believed that Ben read a book and Lilly that Ben watched a movie.,4,0.4
1335,34.4.boskovic.4d.g.08,Mary believed that Tommy drank his milk and Brandon that Tommy ate the vegetables.,8,0.8
1344,34.4.boskovic.7a.??.01,What did they believe at that time that Peter fixed?,4,0.4
1370,34.4.haegeman.2a.g.03,This is the women who I think will replace the manager.,2,0.2
1376,34.4.lasnik.10a.*.01,"Angela wondered how John managed to cook, but it's not clear what food.",10,1.0
1378,34.4.lasnik.10a.*.03,"Eric wondered how Lisa learned to dance, but it's not clear what dance.",8,0.8
1379,34.4.lasnik.10a.*.04,"Matt wondered why Kelly hoped to win, but it's not clear what contest.",8,0.8
1380,34.4.lasnik.10a.*.05,"Sharon wondered why Amy hoped to read, but it's not clear what book.",4,0.4
1381,34.4.lasnik.10a.*.06,"Terry wondered how Cindy learned to swim, but it's not clear what stroke.",6,0.6
1382,34.4.lasnik.10a.*.07,"Mike wondered why Leslie tried to visit, but it's not clear what city.",2,0.2
1392,35.1.beck.12b.*.01,Who did you believe a friend of satisfied?,4,0.4
1394,35.1.beck.12b.*.03,Who does he consider a picture of precious?,2,0.2
1395,35.1.beck.12b.*.04,Who do they consider a teacher of geeky?,4,0.4
1396,35.1.beck.12b.*.05,Who does Dr. Parker consider a criticism of unjustified?,2,0.2
1398,35.1.beck.12b.*.07,Who do our leaders consider an associate of untrustworthy?,10,1.0
1399,35.1.beck.12b.*.08,Who does my brother want a picture of displayed?,12,1.2
1400,35.1.beck.12b.g.01,I believed a friend of Andy satisfied.,4,0.4
1403,35.1.beck.12b.g.04,They consider a teacher of Chris geeky.,6,0.6
1417,35.1.bhatt.14cf.g.02,Cassie is more talented than intelligent.,4,0.4
1420,35.1.bhatt.14cf.g.05,Kayla is more grateful than insulted.,2,0.2
1424,35.1.bhatt.76b.*.01,I told you that Bill when we met will come to the party.,8,0.8
1425,35.1.bhatt.76b.*.02,I told you that Chris when we met will travel to France in December.,12,1.2
1426,35.1.bhatt.76b.*.03,I told you that Sarah when we met will attend college in the fall.,8,0.8
1427,35.1.bhatt.76b.*.04,I told you that Markus when we met will be moving in June.,10,1.0
1448,35.1.bhatt.94b.g.01,I expect that everyone will visit Mary that you do.,6,0.6
1449,35.1.bhatt.94b.g.02,I anticipate that everyone will see John that you do.,4,0.4
1450,35.1.bhatt.94b.g.03,We expect that everybody will hug Kimberly that you do.,10,1.0
1451,35.1.bhatt.94b.g.04,I expect that everyone will praise Ricky that you do.,4,0.4
1453,35.1.bhatt.94b.g.06,They anticipate that everybody will contact Fred that you do.,2,0.2
1455,35.1.bhatt.94b.g.08,I anticipate that everybody will watch Melissa that you do.,6,0.6
1458,35.1.mcginnis.32b.*.03,Fred mowed Jamie the lawn.,6,0.6
1462,35.1.mcginnis.32b.*.07,Sarah washed her husband the dishes.,2,0.2
1483,35.1.mcginnis.63b.*.04,The news story worried Sally about the environment.,4,0.4
1496,35.2.hazout.6b.*.01,I find it irritating for usually this street to be closed.,6,0.6
1498,35.2.hazout.6b.*.03,I find it upsetting for usually this theater to be sold out.,6,0.6
1499,35.2.hazout.6b.*.04,I find it gratifying for usually our team to be ranked first.,8,0.8
1500,35.2.hazout.6b.*.05,I find it disturbing for usually those children to be hungry.,8,0.8
1501,35.2.hazout.6b.*.06,I find it frustrating for usually this store to be overpriced.,4,0.4
1502,35.2.hazout.6b.*.07,I find it disheartening for usually politicians to be liars.,4,0.4
1503,35.2.hazout.6b.*.08,I find it shocking for usually students to be cheaters.,6,0.6
1520,35.2.larson.44c.??.01,Max talked to as tall a man as his father.,6,0.6
1521,35.2.larson.44c.??.02,Tom argued with as stubborn a man as his brother.,4,0.4
1522,35.2.larson.44c.??.03,Robert yelled at as obnoxious a boy as his cousin.,6,0.6
1523,35.2.larson.44c.??.04,Charlie spoke to as joyful a woman as his mother.,8,0.8
1524,35.2.larson.44c.??.05,James whispered to as deaf a man as his grandfather.,10,1.0
1525,35.2.larson.44c.??.06,Anna read to as young a girl as her sister.,8,0.8
1538,35.3.embick.13b.*.03,Bill drank the glass emptied.,2,0.2
1539,35.3.embick.13b.*.04,The heat turned the meat rotted.,10,1.0
1568,35.3.hazout.67a.g.01,There is likely to appear a man.,2,0.2
1569,35.3.hazout.67a.g.02,There is likely to arrive a letter.,12,1.2
1570,35.3.hazout.67a.g.03,There is likely to spread a disease around the world.,10,1.0
1571,35.3.hazout.67a.g.04,There is likely to depart a train at midnight.,12,1.2
1572,35.3.hazout.67a.g.05,There is likely to sit a table in the corner.,12,1.2
1573,35.3.hazout.67a.g.06,There is likely to live a snake in the garden.,10,1.0
1574,35.3.hazout.67a.g.07,There is likely to stand a bookshelf against the wall.,14,1.4
1575,35.3.hazout.67a.g.08,There is likely to run a river down the mountain.,10,1.0
1576,35.3.hazout.67c.*.01,There is likely a man to appear.,4,0.4
1577,35.3.hazout.67c.*.02,There is likely a letter to arrive.,8,0.8
1578,35.3.hazout.67c.*.03,There is likely a disease to spread around the world.,4,0.4
1580,35.3.hazout.67c.*.05,There is likely a table to sit in the corner.,2,0.2
1581,35.3.hazout.67c.*.06,There is likely a snake to live in the garden.,2,0.2
1583,35.3.hazout.67c.*.08,There is likely a river to run down the mountain.,8,0.8
1584,35.3.hazout.75.*.01,It is unimaginable Mary to arrive on time.,2,0.2
1585,35.3.hazout.75.*.02,It is unthinkable David to work hard.,8,0.8
1587,35.3.hazout.75.*.04,It is commendable Nicholas to stay at work late.,8,0.8
1589,35.3.hazout.75.*.06,It is unthinkable Lauren to speak loudly.,10,1.0
1590,35.3.hazout.75.*.07,It is commendable Emily to enter quietly.,10,1.0
1591,35.3.hazout.75.*.08,It is unimaginable Rachel to cry often.,6,0.6
1614,35.3.richards.17b.*.07,To whom did you address what?,4,0.4
1617,35.3.sobin.3c.*.02,Some papers and a pen is in the drawer.,10,1.0
1622,35.3.sobin.3c.*.07,Some magazines and a book is in the storage box.,2,0.2
1623,35.3.sobin.3c.*.08,Some sweaters and a shirt is in the suitcase.,8,0.8
1632,36.4.denDikken.45.*.01,"That much the less you say, the smarter you will seem.",2,0.2
1633,36.4.denDikken.45.*.02,"That much the more you save, the better off you will be.",2,0.2
1634,36.4.denDikken.45.*.03,"That much the less you know, the easier it will be to lie.",10,1.0
1635,36.4.denDikken.45.*.04,"That much the more you give, the happier you will be.",4,0.4
1636,36.4.denDikken.45.*.05,"That much the less you complain, the nicer this trip will be.",10,1.0
1637,36.4.denDikken.45.*.06,"That much the more you talk, the less you listen.",2,0.2
1638,36.4.denDikken.45.*.07,"That much the less you scratch it, the faster it will heal.",8,0.8
1639,36.4.denDikken.45.*.08,"That much the more you learn, the more you realize you don't know everything.",8,0.8
1650,37.1.boeckx.5.*.03,Jack figured out what who stole.,2,0.2
1651,37.1.boeckx.5.*.04,Dale asked what who said.,4,0.4
1652,37.1.boeckx.5.*.05,Heather wondered what who ate.,2,0.2
1655,37.1.boeckx.5.*.08,Melissa wondered what who hid.,2,0.2
1664,37.2.deVries.39a.*.01,I talked to with whom you danced yesterday.,4,0.4
1668,37.2.deVries.39a.*.05,She visited for whom she baked the cake.,2,0.2
1669,37.2.deVries.39a.*.06,He met about whom he wrote several stories.,2,0.2
1679,37.2.deVries.39b.g.08,"They nominated Lillian, through whom we contacted them.",4,0.4
1691,37.2.Sigurdsson.3d.*.04,Us would have been selected.,6,0.6
1692,37.2.Sigurdsson.3d.*.05,Them would have been promoted.,2,0.2
1705,37.3.becker.26b.*.02,I tend drinking milkshakes.,4,0.4
1706,37.3.becker.26b.*.03,I appear lifting weights.,10,1.0
1708,37.3.becker.26b.*.05,I turned out running marathons.,4,0.4
1711,37.3.becker.26b.*.08,I seem missing work.,2,0.2
1720,37.3.becker.2b.*.01,There like to be storms at this time of year.,2,0.2
1722,37.3.becker.2b.*.03,There hope to be new ideas in the report.,10,1.0
1723,37.3.becker.2b.*.04,There is eager to be a problem with this plan.,10,1.0
1724,37.3.becker.2b.*.05,There expect to be tools in the trunk.,4,0.4
1725,37.3.becker.2b.*.06,There are happy to be insects inside the wood.,10,1.0
1727,37.3.becker.2b.*.08,There is anxious to be cream in this sauce.,4,0.4
1738,37.3.becker.5b.*.03,You seem dancing a tango.,6,0.6
1740,37.3.becker.5b.*.05,He was unlikely getting a scholarship.,10,1.0
1745,37.4.nakajima.20e.*.02,The coup d'etat occurred a sudden occurrence in the Middle East.,8,0.8
1749,37.4.nakajima.20e.*.06,My flight arrived a late arrival.,6,0.6
1752,37.4.nakajima.4a.g.01,The tree grew a century's growth within only ten years.,10,1.0
1755,37.4.nakajima.4a.g.04,"The apples fell just a short fall to the lower deck, and so were not too badly bruised.",10,1.0
1779,38.2.hornstein.4b.g.04,In which field played two teams?,10,1.0
1784,38.2.hornstein.4c.*.01,Into which room did walk three men?,10,1.0
1785,38.2.hornstein.4c.*.02,Down which street did drive two cars?,8,0.8
1786,38.2.hornstein.4c.*.03,Up which hill did run four horses?,10,1.0
1787,38.2.hornstein.4c.*.04,In which field did play two teams?,2,0.2
1788,38.2.hornstein.4c.*.05,Along which beach did stroll four couples?,10,1.0
1789,38.2.hornstein.4c.*.06,Around which track did race three drivers?,10,1.0
1790,38.2.hornstein.4c.*.07,Over which bridge did drive six trucks?,6,0.6
1791,38.2.hornstein.4c.*.08,Through which tunnel did race five sports cars?,12,1.2
1805,38.2.hornstein.4e.*.06,Around which corner ran the survivors?,2,0.2
1833,38.3.hirose.1b.*.02,On her parents for money Melanie relied.,4,0.4
1834,38.3.hirose.1b.*.03,To the neighbors about the noise the old man complained.,8,0.8
1838,38.3.hirose.1b.*.07,With the generals about a new approach the President talked.,6,0.6
1839,38.3.hirose.1b.*.08,At your spouse on the phone you should n't yell.,4,0.4
1848,38.3.hirose.4a.*.01,It will take from three five days for him to recover.,4,0.4
1849,38.3.hirose.4a.*.02,It will take from two four hours for the plumber to fix the leak.,8,0.8
1850,38.3.hirose.4a.*.03,It will take from six eight weeks for your furniture to be delivered.,8,0.8
1851,38.3.hirose.4a.*.04,It will take from eight ten minutes for the material to harden.,10,1.0
1852,38.3.hirose.4a.*.05,It will take from two three months for the medication to work.,10,1.0
1853,38.3.hirose.4a.*.06,It will take from 20 25 years for this roof to leak again.,8,0.8
1854,38.3.hirose.4a.*.07,It will take from three four hours for most girls to get ready for the prom.,4,0.4
1855,38.3.hirose.4a.*.08,It will take from five seven days for your cat to feel better.,8,0.8
1864,38.3.landau.31b.*.01,"An hour, they slept, and then went to work.",6,0.6
1866,38.3.landau.31b.*.03,"An hour, the twins jogged, and then swam a mile.",2,0.2
1868,38.3.landau.31b.*.05,"A minute, he lingered, and then joined the celebration.",8,0.8
1872,38.3.landau.38a.g.01,George kicked the boy the ball.,12,1.2
1876,38.3.landau.38a.g.05,Larry cooked her husband the meal.,10,1.0
1879,38.3.landau.38a.g.08,They brought Mr. Sheldrake the contract.,2,0.2
1880,38.3.landau.39a.*.01,Who did George kick the ball?,12,1.2
1881,38.3.landau.39a.*.02,Who did Fred bake coconut cookies?,10,1.0
1882,38.3.landau.39a.*.03,Who will you give the keys?,8,0.8
1883,38.3.landau.39a.*.04,Who should I send the letter?,6,0.6
1884,38.3.landau.39a.*.05,Who did Larry cook the meal?,12,1.2
1886,38.3.landau.39a.*.07,Who did you buy the teddy bear?,10,1.0
1900,38.4.Boskovic.4.*.05,There seems a gun to be under his jacket.,2,0.2
1913,38.4.kallulli.10b.*.02,The chamber flooded intentionally.,2,0.2
1914,38.4.kallulli.10b.*.03,The reward doubled deliberately.,2,0.2
1924,38.4.kallulli.4b.*.05,Dale was suspended from the principal.,10,1.0
1925,38.4.kallulli.4b.*.06,Linda was hired from Theresa.,4,0.4
1926,38.4.kallulli.4b.*.07,Marcie was fired from her manager.,4,0.4
1936,38.4.kallulli.9a.g.01,The boat was sunk to collect the insurance.,2,0.2
1938,38.4.kallulli.9a.g.03,The reward was doubled to help catch the thief.,2,0.2
1940,38.4.kallulli.9a.g.05,The pool was emptied to find the ring.,10,1.0
1944,38.4.kallulli.9b.*.01,The boat sank to collect the insurance.,2,0.2
1949,38.4.kallulli.9b.*.06,The balloon burst to punish the child.,6,0.6
1951,38.4.kallulli.9b.*.08,The specimen thawed to study it more closely.,8,0.8
1973,40.1.caponigro.23a.*.06,Mark went roller-skating his new girlfriend.,12,1.2
1975,40.1.caponigro.23a.*.08,Brittany bought the car her cousin.,2,0.2
1977,40.1.caponigro.23cf.g.02,Lisa arrived after the professor.,6,0.6
1983,40.1.caponigro.23cf.g.08,Brittany bought the car with her cousin.,2,0.2
1984,40.1.caponigro.25b.*.01,Lily will dance who the king chooses.,10,1.0
1985,40.1.caponigro.25b.*.02,Fred works what Jack despises.,10,1.0
1986,40.1.caponigro.25b.*.03,Leonard talks what Sally likes.,8,0.8
1987,40.1.caponigro.25b.*.04,Tanya will laugh who Lisa chooses.,8,0.8
1990,40.1.caponigro.25b.*.07,Sophie dances who she likes.,10,1.0
2000,40.1.heck.5b.*.01,Sherry met a man very fond of whom she found herself.,4,0.4
2002,40.1.heck.5b.*.03,Carrie fired an assistant dependent on who she later found herself.,8,0.8
2004,40.1.heck.5b.*.05,Helen listened to the advice of a doctor usually skeptical of who she finds herself.,4,0.4
2007,40.1.heck.5b.*.08,Rebecca married a man true to who she intends to stay.,10,1.0
2024,40.1.stepanov.4b.*.01,What did who buy?,10,1.0
2025,40.1.stepanov.4b.*.02,What did who say?,6,0.6
2026,40.1.stepanov.4b.*.03,What did who eat?,10,1.0
2027,40.1.stepanov.4b.*.04,What did who steal?,8,0.8
2028,40.1.stepanov.4b.*.05,What did who bring?,4,0.4
2029,40.1.stepanov.4b.*.06,What did who read?,6,0.6
2030,40.1.stepanov.4b.*.07,What did who sell?,8,0.8
2031,40.1.stepanov.4b.*.08,What did who wear?,4,0.4
2033,40.2.johnson.59b.*.02,She baked him for his birthday a cake.,8,0.8
2035,40.2.johnson.59b.*.04,He envied me after the promotion my success.,4,0.4
2036,40.2.johnson.59b.*.05,He waved them at the end of the night goodbye.,6,0.6
2039,40.2.johnson.59b.*.08,She denied him after the deal fell through the promotion.,2,0.2
2040,40.2.johnson.59b.g.01,Ice cream gives me brain-freeze in the morning.,2,0.2
2049,40.4.hicks.22.g.02,My dog is tough to groom without frightening.,2,0.2
2051,40.4.hicks.22.g.04,That movie impossible to watch without enjoying.,2,0.2
2053,40.4.hicks.22.g.06,Maggie is difficult to compliment without embarrassing.,4,0.4
2057,40.4.hicks.23.*.02,My dog appears to have been groomed without anyone frightening.,2,0.2
2059,40.4.hicks.23.*.04,That movie seems to be watched without anyone enjoying.,2,0.2
2060,40.4.hicks.23.*.05,This sculpture seems to have been shipped without anyone breaking.,10,1.0
2061,40.4.hicks.23.*.06,Maggie is unlikely to be complimented without anyone embarrassing.,8,0.8
2063,40.4.hicks.23.*.08,My favorite cookies are certain to be baked without anyone burning.,2,0.2
2064,41.1.Muller.14c.*.01,Who did that Mary was going out with bother you?,4,0.4
2068,41.1.Muller.14c.*.05,What was that the construction workers might uncover known by the bank robber?,2,0.2
2097,41.2.Bruening.31a.*.02,In that room is given anyone who stays long enough horrible headaches.,2,0.2
2099,41.2.Bruening.31a.*.04,With that Supreme Court decision were denied minorities some of their rights.,6,0.6
2103,41.2.Bruening.31a.*.08,At that point were given the counters that had just been used a quick wipe.,6,0.6
2124,41.2.Bruening.33a.g.05,The actor in the blockbuster movie was envied his success at the Oscars.,2,0.2
2125,41.2.Bruening.33a.g.06,The departing guests were waved goodbye after the dinner party.,2,0.2
2136,41.2.Bruening.36b.*.01,The man that he gave the creeps last night to is over there.,4,0.4
2138,41.2.Bruening.36b.*.03,The people that the construction noise gave a headache this morning to are furious.,2,0.2
2140,41.2.Bruening.36b.*.05,The child that the clown gave the creeps at the party to is still upset.,4,0.4
2141,41.2.Bruening.36b.*.06,The apprentice that Donald gave hell on last night's program to is very worried.,4,0.4
2152,41.2.Bruening.3b.*.01,The count gives the creeps to me.,2,0.2
2153,41.2.Bruening.3b.*.02,The lighting here gives a headache to me.,6,0.6
2154,41.2.Bruening.3b.*.03,The teacher denied his extra credit to George.,8,0.8
2157,41.2.Bruening.3b.*.06,The IRS denied her refund to Lilly.,6,0.6
2158,41.2.Bruening.3b.*.07,The doctor envied her success to the nurse.,2,0.2
2177,41.3.Landau.10a.g.02,The club was entered wearing no shirt.,2,0.2
2178,41.3.Landau.10a.g.03,The bed was slept in wearing no clothes.,8,0.8
2179,41.3.Landau.10a.g.04,The summit was reached sweating profusely.,8,0.8
2181,41.3.Landau.10a.g.06,The papers were graded while being bored.,4,0.4
2182,41.3.Landau.10a.g.07,The car was driven while being tired.,6,0.6
2185,41.3.Landau.10b.*.02,The club was entered shirtless.,4,0.4
2192,41.3.Landau.24c.g.01,I told Mr. Smith that I wonder when to paint the fence together.,6,0.6
2195,41.3.Landau.24c.g.04,I informed Stan that I wanted to wash the car together.,4,0.4
2197,41.3.Landau.24c.g.06,We were sure that the teaching assistant. liked to meet before lecture.,4,0.4
2200,41.3.Landau.25c.*.01,I told Mr. Smith that I am able to paint the fence together.,4,0.4
2203,41.3.Landau.25c.*.04,I informed Stan that I must wash the car together.,8,0.8
2205,41.3.Landau.25c.*.06,We were sure that the teaching assistant. would fail to meet before lecture.,10,1.0
2208,41.3.Landau.27b.*.01,His wife kissed in front of the kids.,10,1.0
2209,41.3.Landau.27b.*.02,Her husband hugged in front of the guests.,6,0.6
2211,41.3.Landau.27b.*.04,The manager met before the store opened.,12,1.2
2212,41.3.Landau.27b.*.05,The teacher spoke together after class.,6,0.6
2213,41.3.Landau.27b.*.06,The gardener painted the fence together.,10,1.0
2218,41.3.Landau.27b.g.03,Her grandmother and grandfather embraced at the dinner.,10,1.0
2224,41.3.Landau.7b.*.01,I am now hiring for John to work with.,6,0.6
2226,41.3.Landau.7b.*.03,Jaden ordered for her sister to wear to the dance.,2,0.2
2227,41.3.Landau.7b.*.04,Shannon stole for her family to enjoy.,4,0.4
2228,41.3.Landau.7b.*.05,Mr. Parker rents for his mother to stay in.,4,0.4
2241,41.3.Rezac.3b1.g.02,There had prevailed in the trial all of the defendants we were rooting for.,6,0.6
2243,41.3.Rezac.3b1.g.04,There had lived across the street all of the kids who were vandalizing our yard.,10,1.0
2246,41.3.Rezac.3b1.g.07,There have accumulated in the basement all of the trophies Trevor has won playing sports.,2,0.2
2248,41.3.Rezac.3b2.*.01,There had all hung over the fireplace the portraits by Picasso.,8,0.8
2250,41.3.Rezac.3b2.*.03,There had all loomed over us the projects we had been putting off.,8,0.8
2251,41.3.Rezac.3b2.*.04,There had all lived across the street the kids who were vandalizing our yard.,2,0.2
2252,41.3.Rezac.3b2.*.05,There had all emerged from the darkness the raccoons Jamie had seen earlier.,10,1.0
2253,41.3.Rezac.3b2.*.06,There had all stood in the corner the grandfather clocks Maria had collected over the years.,10,1.0
2254,41.3.Rezac.3b2.*.07,There have all accumulated in the basement the trophies Trevor has won playing sports.,2,0.2
2257,41.3.Vicente.4a1.g.02,Mike prefers tennis and Jon baseball.,2,0.2
2267,41.3.Vicente.4a3.*.04,Dennis loves math because Steve science.,2,0.2
2268,41.3.Vicente.4a3.*.05,Carl collects stamps because Ryan coins.,6,0.6
2272,41.3.Vicente.4a6.*.01,Sandy plays the guitar better than Betsy the harmonica.,12,1.2
2273,41.3.Vicente.4a6.*.02,Arthur cooked the lasagna better than Adam the pasta.,2,0.2
2274,41.3.Vicente.4a6.*.03,Emma draws dogs better than Sophia dinosaurs.,2,0.2
2278,41.3.Vicente.4a6.*.07,Amanda hurled the water balloon more forcefully than Irene the baseball.,4,0.4
2279,41.3.Vicente.4a6.*.08,Kelsey speaks Japanese more fluently than Jason English.,4,0.4
2290,41.3.Vicente.5a.*.03,"The girls made sandwiches, and I believe that the boys hot dogs.",4,0.4
2295,41.3.Vicente.5a.*.08,"Ricardo likes soup, and he knows that Juan salad.",6,0.6
2304,41.3.Vicente.8a.*.01,"Read things, Mike did quickly.",4,0.4
2306,41.3.Vicente.8a.*.03,"Steal things, the thief did sneakily.",8,0.8
2307,41.3.Vicente.8a.*.04,"Clean the room, the child did reluctantly.",8,0.8
2310,41.3.Vicente.8a.*.07,"Frighten people, the clown did willingly.",4,0.4
2311,41.3.Vicente.8a.*.08,"Threaten students, the bully did triumphantly.",2,0.2
2324,41.3.Vicente.8d.*.05,"Forget to walk, Susan did the dog.",2,0.2
2337,41.4.Bruening.9b.*.02,Who do you consider supporters of beneath our notice?,2,0.2
2343,41.4.Bruening.9b.*.08,Who did officials proclaim an associate of the winner?,10,1.0
2346,41.4.Bruening.9c.g.03,Who did they send a parent of to an unpleasant meeting?,4,0.4
2347,41.4.Bruening.9c.g.04,Who did the executives appoint a friend of to the board?,10,1.0
2348,41.4.Bruening.9c.g.05,Who did the coach trade an enemy of to another team?,2,0.2
2349,41.4.Bruening.9c.g.06,Who did the principal assign children of to a different teacher?,10,1.0
2350,41.4.Bruening.9c.g.07,Who did the frat boys introduce a daughter of to their pledges?,2,0.2
2351,41.4.Bruening.9c.g.08,Who did officials dispatch an associate of to the embassy?,4,0.4
2352,41.4.Haegeman.18a.*.01,Bill asked if such books John only reads at home.,8,0.8
2353,41.4.Haegeman.18a.*.02,Chris knows whether this book Candice read.,2,0.2
2354,41.4.Haegeman.18a.*.03,Leslie wonders whether these clothes Harold will wash.,8,0.8
2359,41.4.Haegeman.18a.*.08,Sam inquired if the new Lexus he could test drive.,2,0.2
2361,41.4.Haegeman.18a.g.02,Chris knows that this book Candice read.,2,0.2
2362,41.4.Haegeman.18a.g.03,Leslie is certain that these clothes Harold will wash.,10,1.0
2363,41.4.Haegeman.18a.g.04,Judah confirmed that this jersey he can keep.,10,1.0
2366,41.4.Haegeman.18a.g.07,Jessie knows that the big solo Rachel will sing.,2,0.2
2367,41.4.Haegeman.18a.g.08,Sam discovered that the new Lexus he could test drive.,4,0.4
2375,41.4.Haegeman.22d.*.08,"If frankly you continue to argue, the boss will fire you.",6,0.6
2384,41.4.Haegeman.4a.*.01,"When this column she started to write last year, I thought she would be fine.",10,1.0
2385,41.4.Haegeman.4a.*.02,"When that play he started to perform this week, we believed he would be fine.",4,0.4
2387,41.4.Haegeman.4a.*.04,"When these books they started to arrange an hour ago, I thought they would tidy the rest of the room.",12,1.2
2388,41.4.Haegeman.4a.*.05,"When this exam we started to take this morning, it didn't look so long.",2,0.2
2413,ch10.107b.*.06,Who is an email from in your inbox?,6,0.6
2414,ch10.107b.*.07,Who is a picture of on the mantle?,4,0.4
2425,ch10.108b.g.02,Who is there a gift from on the table?,10,1.0
2429,ch10.108b.g.06,Who is there an email from in your inbox?,10,1.0
2430,ch10.108b.g.07,Who is there a picture of on the mantle?,4,0.4
2449,ch10.118.g.02,I laugh if the heiress buys a painting at the auction.,8,0.8
2451,ch10.118.g.04,I blush if the child prodigy submits a drawing to the art contest.,4,0.4
2453,ch10.118.g.06,I notice if the neighbor turns the air conditioning on at night.,2,0.2
2455,ch10.118.g.08,I complain if the office manager keeps the copy paper in her office.,4,0.4
2456,ch10.119.*.01,What did you worry after the lawyer forgot at the office?,10,1.0
2458,ch10.119.*.03,What did you worry after the boss left in the car?,8,0.8
2460,ch10.119.*.05,What did you sneeze after the dog owner left open at night?,6,0.6
2461,ch10.119.*.06,What did you freeze after the neighbor turned on at night?,12,1.2
2462,ch10.119.*.07,What did you object after the janitor erased from the blackboard?,2,0.2
2464,ch10.120.*.01,What did you worry because the lawyer forgot at the office?,10,1.0
2465,ch10.120.*.02,What did you laugh because the heiress bought at the auction?,8,0.8
2468,ch10.120.*.05,What did you sneeze because the dog owner left open at night?,12,1.2
2469,ch10.120.*.06,What did you freeze because the neighbor turned on at night?,10,1.0
2470,ch10.120.*.07,What did you object because the janitor erased from the blackboard?,2,0.2
2471,ch10.120.*.08,What did you complain because the office manager kept in her office?,6,0.6
2472,ch10.121.*.01,What do you worry if the lawyer forgets at the office?,8,0.8
2473,ch10.121.*.02,What do you laugh if the heiress buys at the auction?,2,0.2
2474,ch10.121.*.03,What do you worry if the boss leaves in the car?,8,0.8
2475,ch10.121.*.04,What do you blush if the child prodigy submits to the art contest?,2,0.2
2479,ch10.121.*.08,What do you complain if the office manager keeps in her office?,4,0.4
2488,ch10.56.*.01,I asked who who poisoned?,6,0.6
2489,ch10.56.*.02,I wondered what who bought?,2,0.2
2491,ch10.56.*.04,I wondered who who helped?,8,0.8
2493,ch10.56.*.06,I asked what who cooked for breakfast?,2,0.2
2494,ch10.56.*.07,I wondered who who asked to the prom?,2,0.2
2501,ch10.58.*.06,What did you ask who cooked for breakfast?,6,0.6
2503,ch10.58.*.08,What did you ask who studied in school?,2,0.2
2515,ch10.70.*.04,Which room did you make the argument that Rebecca should clean?,10,1.0
2517,ch10.70.*.06,Which prescription did you make the prediction that Josh would refill?,2,0.2
2518,ch10.70.*.07,Which car did you regret the fact that Bob rented?,2,0.2
2519,ch10.70.*.08,Which pizza did you make the claim that Amy stole?,4,0.4
2526,ch10.71.g.07,John bought two tickes to Ryan's play about American politics.,10,1.0
2528,ch10.72.*.01,What did Peter listen to Darren's speech about?,8,0.8
2529,ch10.72.*.02,What did Janet read Cindy's story about?,2,0.2
2530,ch10.72.*.03,What did Kelly watch CNN's TV show about?,8,0.8
2532,ch10.72.*.05,What did Donald really enjoy Spielberg's movie about?,8,0.8
2534,ch10.72.*.07,What did John buy two tickets to Ryan's play about?,4,0.4
2535,ch10.72.*.08,What did Denise easily win NPR's debate about?,6,0.6
2544,ch10.74.*.01,What was Penny interested in Philip's description of?,2,0.2
2545,ch10.74.*.02,What was Victor dismayed by Lou's destruction of?,8,0.8
2546,ch10.74.*.03,What was Alice unnerved by Joe's resentment of?,8,0.8
2547,ch10.74.*.04,What was Nicole impressed by Lilly's analysis of?,10,1.0
2548,ch10.74.*.05,What was Gillian hurt by Ivan's investigation of?,2,0.2
2549,ch10.74.*.06,What was Tina impressed by Mark's discussion of?,2,0.2
2550,ch10.74.*.07,What was Gary worried about Evelyn's lack of?,8,0.8
2551,ch10.74.*.08,What was Linda disappointed by Shelly's rejection of?,6,0.6
2557,ch10.83.*.06,What couldn't Sam stop laughing at those jokes about?,8,0.8
2558,ch10.83.*.07,What did John buy two tickets to those plays about?,4,0.4
2560,ch10.84-86.g.01,What did Peter listen to a speech about?,8,0.8
2562,ch10.84-86.g.03,What did Kelly watch a TV show about?,2,0.2
2564,ch10.84-86.g.05,What did Donald really enjoy a movie about?,2,0.2
2565,ch10.84-86.g.06,What couldn't Sam stop laughing at a joke about?,6,0.6
2566,ch10.84-86.g.07,What did John buy two tickets to a play about?,4,0.4
2570,ch10.90.g.03,That Derek will win the lottery is possible.,4,0.4
2573,ch10.90.g.06,That Helen will travel to France is possible.,2,0.2
2586,ch10.92.g.03,What is it possible that Derek will win?,4,0.4
2609,"ch10.95,97.*.02",What did that Melanie likes prove to be her undoing?,2,0.2
2612,"ch10.95,97.*.05",What is that William hates likely to be relevant for his biography?,2,0.2
2617,ch2.01.g.02,The bear snuffles.,2,0.2
2637,ch2.03.*.06,The flower bloom.,2,0.2
2639,ch2.03.*.08,The ox sleep.,4,0.4
2644,ch2.04.*.05,The dogs barks.,2,0.2
2646,ch2.04.*.07,The women laughs.,2,0.2
2667,ch2.68.g.04,Everyone assumed her to be honest.,2,0.2
2674,ch2.69.g.03,They showed he was successful.,6,0.6
2679,ch2.69.g.08,Brian showed she was shallow.,2,0.2
2681,ch2.70.*.02,John believed she to be clever.,4,0.4
2696,ch2.81a.g.01,The bears snuffled.,6,0.6
2704,ch2.81b.*.01,The bear snuffleds.,8,0.8
2705,ch2.81b.*.02,The pig grunteds.,2,0.2
2706,ch2.81b.*.03,The man chuckleds.,6,0.6
2707,ch2.81b.*.04,The child waileds.,8,0.8
2708,ch2.81b.*.05,The dog barkeds.,2,0.2
2710,ch2.81b.*.07,The woman laugheds.,10,1.0
2711,ch2.81b.*.08,The ox slepts.,2,0.2
2730,ch3.115.g.03,Jenny yelled the cheer.,2,0.2
2737,ch3.116.g.02,William read that he won the scholarship.,2,0.2
2750,ch3.117.*.07,Mark reiterated the ball.,2,0.2
2751,ch3.117.*.08,Annie disclosed the clouds.,12,1.2
2752,ch3.118-120.*.01,The bookcase ran.,4,0.4
2754,ch3.118-120.*.03,The fig chortled.,6,0.6
2755,ch3.118-120.*.04,The mountain slept.,10,1.0
2756,ch3.118-120.*.05,The chair thought.,2,0.2
2757,ch3.118-120.*.06,The flower snored.,10,1.0
2758,ch3.118-120.*.07,The box coughed.,12,1.2
2759,ch3.118-120.*.08,The wall ate.,12,1.2
2792,ch3.148.*.01,Julie became fond.,12,1.2
2793,ch3.148.*.02,Gary became fraught.,4,0.4
2794,ch3.148.*.03,Cindy became devoid.,12,1.2
2796,ch3.148.*.05,Maria became synonymous.,8,0.8
2797,ch3.148.*.06,Sam became dear.,6,0.6
2813,ch3.15.g.06,"Fairly slowly, Jack walked at the gym.",2,0.2
2816,ch3.152.g.01,What Julie became was fond of the book.,2,0.2
2825,ch3.153.*.02,What Gary did with terror was become fraught.,6,0.6
2827,ch3.153.*.04,What Trevor did to his mother was become beholden.,6,0.6
2828,ch3.153.*.05,What Maria did with generosity was become synonymous.,12,1.2
2829,ch3.153.*.06,What Sam did to his wife was become dear.,2,0.2
2831,ch3.153.*.08,What Todd did in his beliefs was become zealous.,10,1.0
2862,ch3.19.*.07,Ballerina the graceful danced.,4,0.4
2884,ch3.34.*.05,It's whispered secretly that Jessica and Glen.,4,0.4
2937,ch3.63.*.02,Margaret is those boys.,2,0.2
2968,ch3.74.*.01,Owners of a pig loves to eat truffles.,2,0.2
2970,ch3.74.*.03,Parents of a student wants to annoy teachers.,10,1.0
2978,ch3.77.g.03,It hailed.,8,0.8
2979,ch3.77.g.04,It stormed.,6,0.6
2980,ch3.77.g.05,It stormed.,6,0.6
2981,ch3.77.g.06,It hailed.,8,0.8
2984,ch3.79.*.01,The weather rained.,8,0.8
2985,ch3.79.*.02,The day snowed.,6,0.6
2986,ch3.79.*.03,The night hailed.,10,1.0
2987,ch3.79.*.04,The cloud stormed.,10,1.0
2988,ch3.79.*.05,The cloud stormed.,10,1.0
2989,ch3.79.*.06,The night hailed.,10,1.0
2990,ch3.79.*.07,The day snowed.,6,0.6
2991,ch3.79.*.08,The weather rained.,8,0.8
2994,ch3.92-94.*.03,Stanley controls.,10,1.0
2995,ch3.92-94.*.04,Susan threw.,8,0.8
2998,ch3.92-94.*.07,James bought.,2,0.2
3008,ch4.22d.*.01,Burn the letters quickly is the best thing to do.,6,0.6
3011,ch4.22d.*.04,Pass the class easily may not be possible.,4,0.4
3024,ch4.37.g.01,I shaved myself.,6,0.6
3050,ch4.45.*.03,The policeman Tania called fed herself.,6,0.6
3051,ch4.45.*.04,The doctor they saw praised themselves.,6,0.6
3052,ch4.45.*.05,The teacher I feared bathed myself.,10,1.0
3054,ch4.45.*.07,The mailman Rebecca insulted quesioned herself.,6,0.6
3055,ch4.45.*.08,The nurse they admired drove themselves.,8,0.8
3089,ch4.71.g.02,Madeleine planned to receive the check from George and receive the check the from George she did.,6,0.6
3097,ch4.72.*.02,Madeleine planned to receive the check from George and receive the check she did from George.,10,1.0
3098,ch4.72.*.03,Tom thought he would send the letter to Bob and send the letter he did to Bob.,8,0.8
3099,ch4.72.*.04,Sally said she would take the ball from Tammy and take the ball she did from Tammy.,14,1.4
3100,ch4.72.*.05,Paul planned to accept the gift from Clark and accept the gift he did from Clark.,10,1.0
3101,ch4.72.*.06,Mona promised to mail the letter to Laura and mail the letter she did to Laura.,4,0.4
3102,ch4.72.*.07,Francis thought he would kick the ball to Ben and kick the ball he did to Ben.,10,1.0
3103,ch4.72.*.08,Tania said she would throw the frisbee to Kylie and throw the frisbee she did to Kylie.,10,1.0
3112,ch5.13-14.*.01,Joe must should leave for work on time.,2,0.2
3113,ch5.13-14.*.02,Lisa might can pick up the dry cleaning.,6,0.6
3115,ch5.13-14.*.04,Martin might should go to the dentist.,8,0.8
3116,ch5.13-14.*.05,Leslie may could miss school today.,10,1.0
3117,ch5.13-14.*.06,Don might would drive you home.,2,0.2
3118,ch5.13-14.*.07,Erica may can loan you five dollars.,4,0.4
3119,ch5.13-14.*.08,Sean must should apologize for his behavior.,2,0.2
3152,ch5.140.*.01,Ryan never has flown an airplane.,10,1.0
3153,ch5.140.*.02,Terry never has driven a car.,10,1.0
3154,ch5.140.*.03,Sandra never has read a book.,8,0.8
3155,ch5.140.*.04,Veronica never has eaten a pie.,8,0.8
3156,ch5.140.*.05,Matt never has cleaned his room.,6,0.6
3157,ch5.140.*.06,Ron never has stolen money.,8,0.8
3158,ch5.140.*.07,Donna never has attended a party.,6,0.6
3159,ch5.140.*.08,Eve never has bought a watch.,4,0.4
3185,ch5.147-148.*.02,Marty didn't returned home.,4,0.4
3186,ch5.147-148.*.03,Jessica didn't paid her bills.,2,0.2
3187,ch5.147-148.*.04,Holly didn't finished the report.,6,0.6
3190,ch5.147-148.*.07,Michelle didn't responded to the accusation.,6,0.6
3200,ch5.21-22.*.01,I believed she is pregnant.,6,0.6
3201,ch5.21-22.*.02,I thought he is honest.,8,0.8
3202,ch5.21-22.*.03,I assumed she is lying.,8,0.8
3203,ch5.21-22.*.04,I guessed he is married.,10,1.0
3204,ch5.21-22.*.05,I predicted she is guilty.,6,0.6
3205,ch5.21-22.*.06,I thought he is back in town.,10,1.0
3206,ch5.21-22.*.07,I believed she is sick.,6,0.6
3207,ch5.21-22.*.08,I assumed he is innocent.,14,1.4
3219,ch5.27-28.*.04,I guessed he shall be married.,14,1.4
3221,ch5.27-28.*.06,I thought he can be back in town.,6,0.6
3223,ch5.27-28.*.08,I assumed he shall be innocent.,6,0.6
3229,ch5.31.*.06,Jill should listened to the radio.,4,0.4
3231,ch5.31.*.08,Evan might sold the house.,2,0.2
3249,ch5.37.g.02,Madeleine said she coud catch the sardines and catch the sardines she will.,12,1.2
3256,ch5.38.*.01,Benjamin said he ran away and ran away he.,2,0.2
3257,ch5.38.*.02,Madeleine said she caught the sardines and caught the sardines she.,2,0.2
3260,ch5.38.*.05,Paul said he bought a car and bought a car he.,2,0.2
3267,ch5.39.g.04,Sally said she organized the meeting and organized the meeting she did.,4,0.4
3268,ch5.39.g.05,Paul said he bought a car and bought a car he did.,8,0.8
3270,ch5.39.g.07,Francis said he passed the class and passed the class he did.,2,0.2
3271,ch5.39.g.08,Tania said she hit a home run and hit a home run she did.,2,0.2
3272,ch5.45-46.*.01,She tried to left.,4,0.4
3274,ch5.45-46.*.03,He promised to behaved.,10,1.0
3275,ch5.45-46.*.04,I asked to joined the group.,2,0.2
3278,ch5.45-46.*.07,She wanted to took a vacation.,10,1.0
3279,ch5.45-46.*.08,We tried to explained ourselves.,6,0.6
3281,ch5.47-48.*.02,We wanted to can eat cake.,8,0.8
3286,ch5.47-48.*.07,She wanted to can take a vacation.,2,0.2
3300,ch5.50.g.05,Beth promised to return the book and Anna agreed to as well.,4,0.4
3303,ch5.50.g.08,Vivian promised to watche the kids and Neil agreed to as well.,14,1.4
3330,ch5.81-82.*.03,I have been should walking to work.,2,0.2
3336,ch5.84.*.01,"I'd planned to have finished, and have finished I did.",8,0.8
3338,ch5.84.*.03,"I'd planned to have won, and have won I did.",2,0.2
3339,ch5.84.*.04,"I'd planned to have graduated, and have graduated I did.",2,0.2
3341,ch5.84.*.06,"I'd planned to have escaped, and have escaped I did.",8,0.8
3342,ch5.84.*.07,"I'd planned to have motivated them, and have motivated them I did.",4,0.4
3343,ch5.84.*.08,"I'd planned to have secured the contract, and have secured the contract I did.",2,0.2
3346,ch5.84.g.03,"I'd planned to have won, and won I have.",2,0.2
3350,ch5.84.g.07,"I'd planned to have motivated them, and motivated them I have.",4,0.4
3351,ch5.84.g.08,"I'd planned to have secured the contract, and secured the contract I have.",4,0.4
3354,ch5.9.*.03,What Caroline does is can bake cupcakes.,8,0.8
3355,ch5.9.*.04,What Richard does is should stay home today.,4,0.4
3358,ch5.9.*.07,What San does is can lift 300 pounds.,4,0.4
3377,ch5.93.*.02,Carrie is having baked brownies.,8,0.8
3378,ch5.93.*.03,Heather is having graded homework.,6,0.6
3403,ch6.102.*.04,There were provided three meals by the soup kitchen.,2,0.2
3405,ch6.102.*.06,There were closed four schools by the budget cuts.,2,0.2
3406,ch6.102.*.07,There were performed six marriages by the minister.,6,0.6
3407,ch6.102.*.08,There were robbed eight casinos by the criminals.,2,0.2
3418,ch6.106.*.03,Lewis easily will pass the test.,6,0.6
3419,ch6.106.*.04,Matt suddenly may decide to leave.,8,0.8
3421,ch6.106.*.06,Jenny accurately will calculate the results.,6,0.6
3437,ch6.108-109.g.06,Jenny would accurately have calculatd the results.,10,1.0
3443,ch6.112-113.*.04,Sam read slowly the report.,10,1.0
3447,ch6.112-113.*.08,Tracy inspected thoroughly the damage.,8,0.8
3488,ch6.45b.*.01,There was him in the garden.,2,0.2
3489,ch6.45b.*.02,There was her in the classroom.,4,0.4
3490,ch6.45b.*.03,There were us at the concert.,6,0.6
3491,ch6.45b.*.04,There was me at the meeting.,6,0.6
3492,ch6.45b.*.05,There was me in the kitchen.,6,0.6
3493,ch6.45b.*.06,There were us cleaning the house.,6,0.6
3494,ch6.45b.*.07,There was her tending the bar.,8,0.8
3495,ch6.45b.*.08,There was him grooming the dog.,6,0.6
3513,ch6.58.*.02,Her have I invited to dinner.,2,0.2
3522,ch6.58.g.03,They have insired me.,12,1.2
3523,ch6.58.g.04,She has complimented them.,2,0.2
3537,ch6.9-10.*.02,Twins have many been studied by doctors.,8,0.8
3542,ch6.9-10.*.07,Shoes have many been designed for serious hiking.,6,0.6
3560,ch6.93.*.09,The mailman was bit.,12,1.2
3582,ch6.99.*.05,The debate ensued by the candidates.,2,0.2
3584,ch6.99.*.07,The bed shook by the earthquake.,8,0.8
3594,ch7.103.*.01,A book of my is on the desk.,6,0.6
3599,ch7.103.*.06,A poem of my is in the anthology.,6,0.6
3608,ch7.104.g.07,A opinion of mine article is in the newspaper.,4,0.4
3610,ch7.105.*.01,The therapist's analysis of Morticia's was flawed.,8,0.8
3611,ch7.105.*.02,The announcer's introduction of Ted's was humorous.,6,0.6
3612,ch7.105.*.03,The manager's recommendation of Lois's was stellar.,4,0.4
3613,ch7.105.*.04,The army's destruction of Rome's was swift.,4,0.4
3614,ch7.105.*.05,The detective's investigation of John's was thorough.,4,0.4
3615,ch7.105.*.06,The president's appointment of Paul's was controversial.,4,0.4
3616,ch7.105.*.07,The receptionist's resentment of Cindy's was unhealthy.,2,0.2
3636,ch7.30-33.*.03,Some those letters have the incorrect postage.,8,0.8
3638,ch7.30-33.*.05,Some these groceries need to be refrigerated.,8,0.8
3650,ch7.4.*.01,Letters the are on the table.,2,0.2
3654,ch7.4.*.05,Plants some need to be watered daily.,2,0.2
3655,ch7.4.*.06,Mosquitoes many spread malaria.,4,0.4
3656,ch7.4.*.07,Duck every has webbed feet.,2,0.2
3657,ch7.4.*.08,Elephant that has long tusks.,4,0.4
3669,ch7.53.*.04,The Phil's wallet is missing.,4,0.4
3670,ch7.53.*.05,The Dale's apartment is messy.,4,0.4
3671,ch7.53.*.06,The Brenda's store is closed.,4,0.4
3673,ch7.53.*.08,The Caroline's decorations are beautiful.,6,0.6
3691,ch7.7.*.02,Cat is in the yard.,6,0.6
3693,ch7.7.*.04,Coat belongs in the closet.,2,0.2
3694,ch7.7.*.05,Plant needs to be watered daily.,6,0.6
3695,ch7.7.*.06,Mosquito spreads malaria.,10,1.0
3696,ch7.7.*.07,Duck has webbed feet.,4,0.4
3713,ch7.90.g.08,His invitation of her was surprising.,6,0.6
3723,ch8.103.*.02,Susan arranged for they to tour the White House.,2,0.2
3729,ch8.103.*.08,Larry intended for they to spend the holidays together.,2,0.2
3730,ch8.104.*.01,Brian intended for to learn magic.,10,1.0
3731,ch8.104.*.02,Susan arranged for to tour the White House.,2,0.2
3733,ch8.104.*.04,Alicia planned for to attend college.,6,0.6
3734,ch8.104.*.05,Katherine planned for to visit Rome.,10,1.0
3736,ch8.104.*.07,Dina arranged for to have a summer internship.,2,0.2
3737,ch8.104.*.08,Larry intended for to spend the holidays together.,10,1.0
3738,ch8.105.*.01,For to do that would be a mistake.,6,0.6
3739,ch8.105.*.02,For to say that would be rude.,4,0.4
3740,ch8.105.*.03,For to drive now would be illegal.,12,1.2
3741,ch8.105.*.04,For to pass the test would be a miracle.,6,0.6
3742,ch8.105.*.05,For to win the match would be an upset.,6,0.6
3743,ch8.105.*.06,For to lie would be a mistake.,6,0.6
3744,ch8.105.*.07,For to uncover the secret would be impossible.,8,0.8
3745,ch8.105.*.08,For to lose the sales data would be disastrous.,10,1.0
3757,ch8.120.g.04,We assumed her to be honest.,2,0.2
3818,ch8.167.*.01,Zeus stinks to be omnipotent.,2,0.2
3819,ch8.167.*.02,Jenny hurts to be dating someone new.,10,1.0
3823,ch8.167.*.06,Jimmy is true to be leaving the newspaper.,2,0.2
3835,ch8.176.*.02,There appears a problem to be with this solution.,2,0.2
3837,ch8.176.*.04,There is certain a meeting to be after lunch.,8,0.8
3839,ch8.176.*.06,There is likely a party to be for your birthday.,4,0.4
3841,ch8.176.*.08,There seems a letter to be on the table.,2,0.2
3853,"ch8.185,187.*.04",I forced there to be consensus about the solution.,4,0.4
3886,"ch8.24,26.*.05",What Daniel wondered whether was the rain would stop before rush hour.,2,0.2
3890,ch8.29.*.01,Jason wondered that the potion was ready.,10,1.0
3891,ch8.29.*.02,Marcy wondered that the meeting would start on time.,6,0.6
3892,ch8.29.*.03,Kelsey wondered that the store had the DVD in stock.,10,1.0
3893,ch8.29.*.04,James wondered that the mechanic could fix the steering problem.,6,0.6
3894,ch8.29.*.05,Daniel wondered that the rain would stop before rush hour.,2,0.2
3895,ch8.29.*.06,Ellen wondered that the marathon would be canceled because of the extreme heat.,2,0.2
3896,ch8.29.*.07,Sarah wondered that the package had been delivered yet.,6,0.6
3897,ch8.29.*.08,Thomas wondered that the train would arrive on time.,8,0.8
3930,ch8.56.g.01,That the answer is obvious upset Helen.,2,0.2
3939,ch8.57.*.02,That that the banks are honest is false annoyed Clare.,4,0.4
3940,ch8.57.*.03,That that the politicians are corrupt is actually true surprised Peter.,12,1.2
3943,ch8.57.*.06,That that the hospital is closing is untrue comforted Sally.,6,0.6
3944,ch8.57.*.07,That that the goverenment is hiding evidence of aliens is constantly repeated frustrated Cindy.,2,0.2
3945,ch8.57.*.08,That that the CIA assassinated world leaders was never revealed irritated Harrold.,10,1.0
3946,ch8.58.*.01,That whether the world is round is unknown upset Helen.,6,0.6
3947,ch8.58.*.02,That whether the banks are honest is unclear annoyed Clare.,10,1.0
3948,ch8.58.*.03,That whether the politicians are corrupt is still debated surprised Peter.,10,1.0
3949,ch8.58.*.04,That whether the army is over-extended is unknown worried the General.,10,1.0
3950,ch8.58.*.05,That whether the prisoners were tortured was still unknown worried the president.,10,1.0
3951,ch8.58.*.06,That whether the hospital is closing is unanswered frightened Sally.,12,1.2
3952,ch8.58.*.07,That whether the goverenment is hiding evidence of aliens is unclear frustrated Cindy.,6,0.6
3953,ch8.58.*.08,That whether the CIA assassinated world leaders was purposefully unanswered irritated Harrold.,6,0.6
3970,ch8.64.*.01,That Jason had arrived was obvious annoyed Mandy.,4,0.4
3972,ch8.64.*.03,That William got the job impressed Lauren was clear.,8,0.8
3973,ch8.64.*.04,That Donald had gotten sick worried his wife upset him.,6,0.6
3976,ch8.64.*.07,That Terry left the dinner party early annoyed the host was obvious.,6,0.6
3977,ch8.64.*.08,That Stanley disobeyed an order frustrated the other soldiers concerned the unit commander.,2,0.2
3979,ch8.65.*.02,I said that that Nina had won surprised the coach.,2,0.2
3982,ch8.65.*.05,I said that that Melanie joined the sorority frightened her parents.,12,1.2
3983,ch8.65.*.06,I said that that Elizabeth married a millionaire impressed her coworkers.,12,1.2
3985,ch8.65.*.08,I said that that Stanley disobeyed an order frustrated the other soldiers.,14,1.4
3998,ch8.70.g.05,There arose a new a problem.,12,1.2
4027,"ch8.77,79.*.02",Nate planned the children to watch television.,2,0.2
4032,"ch8.77,79.*.07",Shelly planned the girl to attend law school.,4,0.4
4036,ch8.92.*.03,We thought to be generous.,10,1.0
4039,ch8.92.*.06,We thought to be charming.,2,0.2
4058,ch9.12.*.01,Someone did Nancy poison.,6,0.6
4059,ch9.12.*.02,Something did Carl buy.,10,1.0
4060,ch9.12.*.03,Some time did Lindsay leave.,8,0.8
4061,ch9.12.*.04,Somehow did Lewis survive.,2,0.2
4063,ch9.12.*.06,Something did Dan cook for breakfast.,10,1.0
4064,ch9.12.*.07,Someone did Lisa marry.,8,0.8
4066,ch9.120.*.01,Who did who poison?,6,0.6
4067,ch9.120.*.02,What did who buy?,10,1.0
4068,ch9.120.*.03,What did who read?,6,0.6
4069,ch9.120.*.04,Who did who help?,10,1.0
4070,ch9.120.*.05,What did who bring to the party?,10,1.0
4071,ch9.120.*.06,What did who cook for breakfast?,8,0.8
4072,ch9.120.*.07,Who did who ask to the prom?,12,1.2
4073,ch9.120.*.08,What did who study in school?,6,0.6
4087,ch9.122.g.06,What did Reggie sell to whom?,2,0.2
4090,ch9.123.*.01,Who did Anna introduce who to?,6,0.6
4092,ch9.123.*.03,Who did Bill send what to?,4,0.4
4093,ch9.123.*.04,Who did Jessica loan what to?,2,0.2
4094,ch9.123.*.05,Who did Jeff throw what to?,4,0.4
4095,ch9.123.*.06,Who did Reggie sell what to?,2,0.2
4096,ch9.123.*.07,Who did Crystal tell what to?,10,1.0
4097,ch9.123.*.08,Who did Heather teach what to?,10,1.0
4104,ch9.124.g.07,Which football player asked which cheerleader to the prom?,8,0.8
4112,ch9.125.g.07,Which cheerleader did which football player ask to the prom?,2,0.2
4114,ch9.25-27.*.01,Where place are you living?,6,0.6
4115,ch9.25-27.*.02,When time will you be there?,6,0.6
4116,ch9.25-27.*.03,Who guy did you see?,14,1.4
4117,ch9.25-27.*.04,Where store do you like to shop?,6,0.6
4118,ch9.25-27.*.05,When time did you arrive?,10,1.0
4120,ch9.25-27.*.07,Where place did you go?,2,0.2
4121,ch9.25-27.*.08,Who teacher do you admire most?,2,0.2
4130,ch9.32-33.*.01,Which the poem did Harry recite?,2,0.2
4131,ch9.32-33.*.02,What the kind of actor is he?,8,0.8
4132,ch9.32-33.*.03,Which the criminal did you see?,4,0.4
4133,ch9.32-33.*.04,What the kind of store do you like to shop at?,8,0.8
4134,ch9.32-33.*.05,Which the train did you arrive on?,12,1.2
4135,ch9.32-33.*.06,Which the bridesmaid did you escort?,12,1.2
4136,ch9.32-33.*.07,What the kind of school did you attend?,8,0.8
4137,ch9.32-33.*.08,Which the teacher do you admire most?,8,0.8
4138,ch9.4.g.01,Who did Nancy poison?,2,0.2
4146,ch9.83.*.01,I wondered could we leave early.,2,0.2
4149,ch9.83.*.04,I wondered could we find a replacement.,2,0.2
4152,ch9.83.*.07,I wondered could we trust the weather report.,2,0.2
4162,ch9.84-85.*.01,I wondered who did Nancy poison.,2,0.2
